top_topic,American Pale Lager,American Porter
0,0.038501345477126886,0.9614986545228731
1,0.014863896848137536,0.9851361031518625
2,0.8636363636363636,0.13636363636363635
3,0.9096549050019387,0.09034509499806126
4,0.8288516292312559,0.17114837076874406
